throttles,time,vehicle_mass,vehicle_propellant,pursuer_pos_x,pursuer_pos_y,pursuer_pos_z,pursuer_vel_x,pursuer_vel_y,pursuer_vel_z,evader_pos_x,evader_pos_y,evader_pos_z,evader_vel_x,evader_vel_y,evader_vel_z
"[1.0, 0, 0]",5.219999999999977,6685.0,1199.9976806640625,707700.5570135976,-248313.91567649922,-0.0005508793707132352,718.3884314411807,2047.613489029909,-8.361071223952512e-06,708562.8811062378,-245842.01341137753,-0.4295541325278474,711.2364760774634,2050.108670700153,0.0035781365404077667
